id;title;description;file_name;path;creation_date;modification_date;is_private;total_likes;total_commentaries;extended_user_id
1;Cambridgeshire Heredado;Dollar Riera cara;Morado disintermediate;Explanada;2023-01-14T08:24:32;2023-01-14T04:37:55;true;1090;86380;1
2;quantify Morado blockchains;Mascotas;HDD;Librería Polarizado;2023-01-14T05:18:36;2023-01-13T23:10:46;false;76986;14720;2
3;Productor;Navarra port;empower Administrador Global;función optical Singapur;2023-01-14T11:12:49;2023-01-14T09:06:01;false;69865;26433;1
4;Plástico;web FTP;arquitectura pixel optimize;Raton navigate;2023-01-13T19:43:50;2023-01-14T00:37:56;false;21268;98128;2
5;Diseñador Raton;SDD Leu;web-readiness Nacional mindshare;Queso Morado;2023-01-13T21:08:44;2023-01-14T05:59:14;false;71729;3214;2
6;Granito;Interno Genérico;Argelia;Azul cross-platform HTTP;2023-01-14T14:02:04;2023-01-14T08:31:08;true;25359;65350;2
7;Dinamarca;strategize;payment PNG Gris;Integración;2023-01-14T12:59:24;2023-01-14T05:24:26;false;41798;48265;2
8;payment;viral open-source;Guapo cultivate Agente;Comunicaciones Rua;2023-01-14T01:12:23;2023-01-14T08:21:09;true;18813;89361;2
9;fritas Electrónica;Refinado cross-platform Bajada;payment Amarillo;convergence;2023-01-13T17:01:45;2023-01-14T07:31:58;true;79154;52102;2
10;Castilla-La magnetic;Gorro;Gorro extensible invoice;Aplicaciones interface Planificador;2023-01-14T10:39:21;2023-01-14T13:41:50;true;75898;50615;2
